Datetime,Water Level (m)
2025-02-27 12:00:00,0.00087706355
2025-02-27 13:00:00,0.0004009887
2025-02-27 14:00:00,0.0003182376
2025-02-27 15:00:00,0.00047371557
2025-02-27 16:00:00,0.00097004307
2025-02-27 17:00:00,0.0012799005
2025-02-27 18:00:00,0.0014210193
2025-02-27 19:00:00,0.0013026308
2025-02-27 20:00:00,0.00076213654
2025-02-27 21:00:00,0.00054382335
2025-02-27 22:00:00,0.00014534288
2025-02-27 23:00:00,6.373206e-05
2025-02-28 00:00:00,-0.00010225768
2025-02-28 01:00:00,-0.00032992594
2025-02-28 02:00:00,-9.677853e-05
2025-02-28 03:00:00,0.00013046863
2025-02-28 04:00:00,0.0004142373
2025-02-28 05:00:00,0.0008468611
2025-02-28 06:00:00,0.0011172482
2025-02-28 07:00:00,0.0015738953
2025-02-28 08:00:00,0.002084166
2025-02-28 09:00:00,0.0019238073
2025-02-28 10:00:00,0.0013620413
2025-02-28 11:00:00,0.0006373974
2025-02-28 12:00:00,-9.612838e-05
2025-02-28 13:00:00,-0.0005270649
2025-02-28 14:00:00,-0.0005198783
2025-02-28 15:00:00,-0.0004460561
2025-02-28 16:00:00,7.733905e-05
2025-02-28 17:00:00,0.00040814086
2025-02-28 18:00:00,0.00059885206
2025-02-28 19:00:00,0.0006263009
2025-02-28 20:00:00,0.00048491027
2025-02-28 21:00:00,0.00017691191
2025-02-28 22:00:00,1.5102564e-05
2025-02-28 23:00:00,4.211237e-05
2025-03-01 00:00:00,-0.0004128475
2025-03-01 01:00:00,-0.0008889867
2025-03-01 02:00:00,-0.0012462892
2025-03-01 03:00:00,-0.0014016427
2025-03-01 04:00:00,-0.001470193
2025-03-01 05:00:00,-0.0010354454
2025-03-01 06:00:00,-0.00023840835
2025-03-01 07:00:00,0.00026426418
2025-03-01 08:00:00,0.00034778414
2025-03-01 09:00:00,0.00046799643
2025-03-01 10:00:00,5.702041e-05
2025-03-01 11:00:00,-0.00076434575
2025-03-01 12:00:00,-0.0014148089
2025-03-01 13:00:00,-0.0019790928
2025-03-01 14:00:00,-0.0034159622
2025-03-01 15:00:00,-0.004342972
2025-03-01 16:00:00,-0.0046774372
2025-03-01 17:00:00,-0.0042575123
2025-03-01 18:00:00,-0.0025726317
2025-03-01 19:00:00,-0.00032321352
2025-03-01 20:00:00,-0.00028269322
2025-03-01 21:00:00,-0.0010515879
2025-03-01 22:00:00,-0.0015483556
2025-03-01 23:00:00,-0.0019773676
2025-03-02 00:00:00,-0.0023018352
2025-03-02 01:00:00,-0.002649803
2025-03-02 02:00:00,-0.003682391
2025-03-02 03:00:00,-0.0033435063
2025-03-02 04:00:00,-0.0019395323
2025-03-02 05:00:00,-0.0007523787
2025-03-02 06:00:00,0.00048614058
2025-03-02 07:00:00,0.001294586
2025-03-02 08:00:00,0.0017532419
2025-03-02 09:00:00,0.0020153131
2025-03-02 10:00:00,0.0019202365
2025-03-02 11:00:00,0.0012187648
2025-03-02 12:00:00,0.00066088326
2025-03-02 13:00:00,-0.0003418436
2025-03-02 14:00:00,-0.0011924658
2025-03-02 15:00:00,-0.0013291813
2025-03-02 16:00:00,-0.0013047697
2025-03-02 17:00:00,-0.0017543845
2025-03-02 18:00:00,-0.0023122986
2025-03-02 19:00:00,-0.001766301
2025-03-02 20:00:00,-0.0010366505
2025-03-02 21:00:00,-0.00014868169
2025-03-02 22:00:00,-0.00045288578
2025-03-02 23:00:00,-0.0012131288
2025-03-03 00:00:00,-0.0017571952
2025-03-03 01:00:00,-0.0021401688
2025-03-03 02:00:00,-0.0020852124
2025-03-03 03:00:00,-0.0017406292
2025-03-03 04:00:00,-0.001377565
2025-03-03 05:00:00,-0.0011015814
2025-03-03 06:00:00,-0.0008125459
2025-03-03 07:00:00,-0.00041101867
2025-03-03 08:00:00,-0.00015449942
2025-03-03 09:00:00,4.4931694e-05
2025-03-03 10:00:00,0.00045563228
2025-03-03 11:00:00,0.0010415006
2025-03-03 12:00:00,0.0012159047
2025-03-03 13:00:00,0.00010615287
2025-03-03 14:00:00,-0.0020337063
2025-03-03 15:00:00,-0.004120972
2025-03-03 16:00:00,-0.002682623
2025-03-03 17:00:00,-0.0017052608
2025-03-03 18:00:00,-0.0018006825
2025-03-03 19:00:00,-0.0014144354
2025-03-03 20:00:00,-0.0014778452
2025-03-03 21:00:00,-0.0011509106
2025-03-03 22:00:00,-0.0012426005
2025-03-03 23:00:00,-0.0013569205
2025-03-04 00:00:00,-0.0011304191
2025-03-04 01:00:00,-0.0014133397
2025-03-04 02:00:00,-0.0020829835
2025-03-04 03:00:00,-0.002110964
2025-03-04 04:00:00,-0.0014613253
2025-03-04 05:00:00,-0.00048248586
2025-03-04 06:00:00,2.4344887e-05
2025-03-04 07:00:00,0.0005133405
2025-03-04 08:00:00,0.0010279599
2025-03-04 09:00:00,0.0011737379
2025-03-04 10:00:00,0.0008789631
2025-03-04 11:00:00,0.0003685522
2025-03-04 12:00:00,-0.0002031396
2025-03-04 13:00:00,-0.0007738786
2025-03-04 14:00:00,-0.000790773
2025-03-04 15:00:00,-0.0019340669
2025-03-04 16:00:00,-0.0037431514
2025-03-04 17:00:00,-0.004699993
2025-03-04 18:00:00,-0.00309332
2025-03-04 19:00:00,-0.0030040534
2025-03-04 20:00:00,-0.0034010885
2025-03-04 21:00:00,-0.0024802007
2025-03-04 22:00:00,-0.0006375331
2025-03-04 23:00:00,-0.00020611068
2025-03-05 00:00:00,-0.0012312644
2025-03-05 01:00:00,-0.0019050854
2025-03-05 02:00:00,-0.0020158
2025-03-05 03:00:00,-0.0022774406
2025-03-05 04:00:00,-0.002447874
2025-03-05 05:00:00,-0.0018673775
2025-03-05 06:00:00,-0.0013059953
2025-03-05 07:00:00,-0.0009874916
2025-03-05 08:00:00,-0.0003457204
2025-03-05 09:00:00,0.00020012248
2025-03-05 10:00:00,0.0006254362
2025-03-05 11:00:00,0.0014443803
2025-03-05 12:00:00,0.0017829397
